PermitNo,Lat,Long
*,32.07583333,-81.20027778
001-004D(LI),31.92305556,-82.34833333
001-006D(SL),31.88405167,-82.22754722
001-007P(RM),31.845,-82.375
002-005D(SL),31.34066639,-82.89959194
002-007D(L),31.25436,-82.80074306
002-008P(RM),31.25388889,-82.79861111
002-009D(MSWL),31.319415,-82.96428583
003-002D(SL),31.51968528,-82.43546389
005-004D(SL),32.9988925,-83.22968889
005-005D(SL),32.96774917,-83.27197972
005-015D(L),32.9988925,-83.22968889
005-016D(SL),32.96876306,-83.33781444
005-017D(SL),32.96876306,-83.33781444
006-006D(SL),34.349715,-83.42533028
006-009D(MSWL),34.349715,-83.42533028
007-016D(SL),34.03492222,-83.6261675
007-018D(SL),33.96591056,-83.77283806
007-020D(SL),33.96591056,-83.77283806
007-021D(IN),33.96489167,-83.78443333
008-007D(LI),34.15666667,-84.77416667
008-008D(SL),34.14390944,-84.76293556
008-012D(SL),34.37833056,-84.90899361
008-016D(SL),34.14390944,-84.76293556
008-017P,34.19166667,-84.9
008-018D(LI),34.126675,-84.91071111
008-019D(C&D),34.16968889,-85.00915
008-020D(LI),34.16555556,-84.76972222
009-004D(SL),31.74260444,-83.20566556
009-005D(SL),31.74601583,-83.19379778
009-006P,31.70611111,-83.21472222
010-004D(SL),31.18522083,-83.32437806
010-007D(L),31.19196917,-83.27032278
010-008D(L),31.13025806,-83.23430583
010-009P(RM)(CO),31.12833333,-82.23611111
011-007D(SL),32.82249694,-83.61994944
011-009D(LI),32.76833333,-83.55138889
011-011D(LI),32.80138889,-83.64083333
011-015D(L)(I),32.77916667,-83.62222222
011-017D(SL),32.82249694,-83.61994944
011-018D(L),32.82345833,-83.51756944
011-020D(LI),32.77916667,-83.63
011-022D(LI),32.76833333,-83.55138889
011-023P(INC)I,32.83,-83.73416667
011-025D(LI),32.92972222,-83.70333333
011-026D(SL),32.82345833,-83.51756944
011-027P,32.80944444,-83.6575
011-028D(L)(I),32.77805556,-83.65277778
011-029D(C&D),32.79527778,-83.63972222
011-029D(LI),32.79361111,-83.64194444
011-030D(LI),32.91944444,-83.69833333
011-031D(LI),32.92222222,-83.70277778
012-004D(SL),32.42163194,-83.30952056
013-002D(SL),31.18090556,-82.202275
013-003D(SL),31.24213583,-81.88798861
014-003D(SL),30.75209917,-83.547685
014-004P(INC),30.80611111,-83.50944444
015-004D(SL),32.15327778,-81.50991667
015-005D(L),31.88851722,-81.25916361
015-008D(L),31.88851722,-81.25916361
016-006D(LI),32.51444444,-81.75305556
016-007D(SL),32.48258806,-81.78821917
016-009D(LI),32.52222222,-81.74888889
016-010D(LI),32.52222222,-81.74888889
016-011P(INC),32.48111111,-81.79
016-013P(INC),32.37083333,-81.85277778
017-002D(SL),33.08094056,-81.96482528
017-006D(LI),33.15194444,-81.765
017-007D(LI),33.14944444,-81.76722222
018-004D(SL),33.27514167,-83.96672139
018-008D(MSWL),33.23628139,-84.12280361
019-004D(SL),31.53106667,-84.65055639
020-002D(LI),30.75,-81.54166667
020-007D(L),30.78658056,-81.50655472
020-012D(SL),30.78113917,-81.69010583
020-013D(LI),30.75,-81.54166667
020-014D(L),30.78973361,-81.51021472
020-015D(SI),30.92777778,-81.52
020-016P(INC),30.78444444,-81.7
020-017D(MSWL),30.85909028,-81.85451556
020-018D(LI),30.84833333,-81.86388889
020-019D(C&D),30.84833333,-81.86388889
021-001D(SL),32.45862778,-82.06678417
021-005D(L),32.45862778,-82.06678417
021-006D(MSWL),32.45862778,-82.06678417
022-008D(SL),33.55055278,-85.15219111
022-009D(LI),33.5625,-85.06805556
023-005D(SL),34.88373083,-85.17114139
023-007D(MSWL),34.88345806,-85.1711775
024-003D(SL),30.81011667,-82.01606222
024-004D(L),30.81011667,-82.01606222
024-005D(L),30.50299639,-82.03654639
024-006D(SL),30.70714528,-82.08606417
025-010D(L),32.01217611,-81.08075111
025-016D(LI),32.04444444,-81.1475
025-018D(LI),32.13055556,-81.11888889
025-025D(LI),32.09027778,-81.11444444
025-030D(L),32.14264611,-81.17689611
025-032P(RMI),32.06777778,-81.14
025-035D(LI),32.20694444,-81.16805556
025-038D(L),31.97677639,-81.24959694
025-040D(L),32.0925,-81.31608333
025-041D(LI),32.08388889,-81.32833333
025-041D(LI)(4),32.08416667,-81.32666667
025-045D(SL),32.02999639,-81.27162361
025-046D(L),32.16408306,-81.18615222
025-048D(L),32.02275583,-80.85310361
025-051D(MSWL),32.05666667,-81.21666667
025-051D(SL),32.05817139,-81.2147375
025-053D(LI),32.08305556,-81.17138889
025-056D(L),31.98296056,-81.09022139
025-057D(L),32.08456028,-81.1687825
025-058D(L),32.01768611,-80.9719475
025-059P(INC),32.07666667,-81.02222222
025-061D(LI),32.25083333,-81.15972222
025-063D(L),32.02488083,-81.245225
025-065D(LI),32.09,-81.19055556
025-066D(L),32.08444444,-81.19083333
025-067D(L),32.12222222,-81.12583333
025-068D(L),32.02488083,-81.245225
025-070D(MSWL),32.02999639,-81.27162361
025-071D(LI),32.09722222,-81.18666667
025-072D(L)(I),32.14159722,-81.17872806
026-004D(SL),32.38165722,-84.86643861
026-005D(CLO),32.30527778,-84.72694444
027-006D(SL),34.50546472,-85.29853139
028-007D(L),34.19543306,-84.49535833
028-012D(L),34.08443028,-84.56655139
028-013D(L),34.10339222,-84.50443444
028-014D(SL),34.19338833,-84.51874167
028-015D(SL),34.14811556,-84.47686528
028-017D(SL),34.14811556,-84.47686528
028-030D(L),34.08965194,-84.55906972
028-032D(L),34.13104389,-84.37637778
028-034D(L),34.08965194,-84.55906972
028-039D(SL),34.28519,-84.38857889
028-040D(C&D),34.08965194,-84.55906972
028-040D(L),34.08965194,-84.55906972
028-041D(SL),34.14811556,-84.47686528
028-043D(C&D,34.30916667,-84.41138889
029-004D(SL),33.92481083,-83.26363167
029-009D(L),33.94503111,-83.48861222
029-012D(SL),33.92406806,-83.26550222
030-002D(SL),31.6204425,-85.04094444
030-003D(SL),31.6204425,-85.04094444
031-017D(SL),33.61894056,-84.41848972
031-023D(L),33.60993306,-84.37516694
031-027D(SL),33.43663028,-84.31289972
031-031D(L),33.60993306,-84.37516694
031-035P(INC),33.60861111,-84.32666667
031-037D(SL),33.43663028,-84.31289972
031-039D(C&D),33.61,-84.41
031-040P(MRF),33.64472222,-84.32277778
031-041P,33.63638889,-84.30972222
031-042P(MRF),33.608333,-84.375
031-043P(MRF),33.64472222,-84.32277778
032-004D(SL),31.06473972,-82.76414972
033-031D(LI),33.82277778,-84.64583333
033-037D(L),33.90688528,-84.58197389
033-038D(SL),34.01400444,-84.73457472
033-039D(SL),33.90621972,-84.58164028
033-081D(L),33.82054639,-84.49844556
033-095P(CO),33.9125,-84.57916667
033-096P,34.05833333,-84.65
033-097P,33.82861111,-84.45833333
034-005D(C&D),31.5704175,-82.895745
034-005D(SL),31.5704175,-82.895745
035-002D(SL),31.09094944,-83.8430325
035-014P(RM),31.08333333,-83.84222222
035-015P(INC),31.08333333,-83.84222222
036-006D(L),33.41801139,-82.21145889
036-007D(L),33.40686722,-82.33137278
036-010D(SL),33.48915833,-82.23462389
036-010D(SL)(1),33.48915833,-82.23462389
036-012D(L),33.48404417,-82.12157583
036-014P(INC),33.56666667,-82.08333333
036-015P(INC),33.52305556,-82.26027778
036-017D(C&D),33.52438889,-82.25889917
036-018P(MRF),33.42972222,-82.19333333
036-019P(MRF),32.4296,-82.1926
037-005D(LI),31.11388889,-83.46638889
037-006D(SL),31.09884667,-83.42193444
037-008D(L),31.09884667,-83.42193444
037-009P(INC),31.09166667,-83.42666667
037-010D(MSWL),31.09884667,-83.42193444
037-011D(C&D),31.09722222,-83.43194444
038-003D(LI),33.34694444,-84.81694444
038-007D(SL),33.36725778,-84.85345806
038-011D(LI),33.45166667,-84.89722222
038-014D(I),33.45777778,-84.90055556
038-015D(C&D),33.36325861,-84.86091722
039-005D(SL),32.6994425,-83.96484806
039-006D(SL),32.77620639,-84.00169278
039-007D(IN),32.69944444,-83.96472222
040-004D(SL),31.86730611,-83.74900389
040-006P(RM),31.86666667,-83.755
040-007P(BA),31.86277778,-83.75
040-008D(MSWL),31.86696722,-83.74903083
040-009P(MRF),31.8672,-83.7553
041-004D(SL),34.83429778,-85.55319417
042-002D(SL),34.4400375,-84.11978611
043-003D(LI),30.68388889,-84.49638889
043-004D(L),30.88309889,-84.58708
043-006D(SL),30.8371475,-84.56791833
043-008D(LI),30.68388889,-84.49638889
043-010D(LI),30.73916667,-84.48305556
043-011D(MSWL),30.71055556,-84.40722222
044-017D(SL),33.65671889,-84.25273417
044-029D(L),33.70886667,-84.34644944
044-031D(L),33.88974833,-84.31731444
044-032D(L),33.84109722,-84.19999778
044-033D(L),33.70886667,-84.34644944
044-035D(SL),33.67066333,-84.34279944
044-037D(SL),33.653816,-84.255692
044-039P(SH),33.65833333,-84.25472222
044-040D(L),33.70886667,-84.34644944
044-041D(L),33.73634111,-84.10470194
044-042D(L),33.70886667,-84.34644944
044-044D(L),33.70854306,-84.34642833
044-046D(C&D),33.74884556,-84.09485889
044-047D(MSWL),33.67066333,-84.34279944
044-048D(SL),33.66228944,-84.33639556
044-049D(C&D),33.74627944,-84.09567944
044-050D(SL),33.65644167,-84.25284889
045-005D(SL),32.24750667,-83.12203194
045-006D(L),31.98224361,-83.20636972
045-007D(SL),32.18841028,-83.16105389
045-008D(L)(I),32.1075,-82.97472222
046-001D(SL),32.144615,-83.82299194
046-006D(SL),32.12465389,-83.84496167
047-012D(L),31.5572625,-84.04361917
047-014D(SL),31.53278361,-84.0283525
047-018D(L),31.58872222,-84.11548111
047-022P(RM)(I),31.44166667,-84.12916667
047-023D(C&D),31.565325,-84.04782778
048-007D(SL),33.75913889,-84.81085333
048-009D(SL),33.75738417,-84.81143028
049-002D(SL),31.40058694,-84.929115
049-006D(LI),31.16666667,-85.08777778
049-008D(LI),31.17527778,-85.07833333
049-009D(L)(I),31.16694444,-85.08527778
049-011D(LI),31.17777778,-85.08777778
050-002D(L),30.68491417,-83.06132139
050-003D(L),30.70831583,-83.023775
051-005D(SL),32.30604722,-81.40376611
051-007D(L),32.36273417,-81.32143111
051-008D(LI),32.35611111,-81.16805556
051-009D(LI),32.31944444,-81.19638889
051-010D(LI),32.35444444,-81.20111111
052-002D(SL),34.09631111,-82.79229722
052-006D(SL),34.09631111,-82.79229722
052-008D(SL),34.1349725,-82.78072167
053-002D(SL),32.51312972,-82.33368778
053-003D(L),32.65528417,-82.08673583
054-004D(SL),32.13083889,-81.92347056
054-005D(L),32.13301028,-81.92214417
054-006D(C&D),32.1045681,-81.832789
055-007D(SL),34.89870444,-84.34994333
056-006D(SL),33.43386306,-84.48082528
056-012D(SL),33.48842389,-84.43995861
056-014D(SL),33.43840639,-84.47667806
056-015D(L),33.4386225,-84.47839972
057-009D(SL),34.30654889,-85.27490167
057-013D(SL),34.19471639,-85.21479889
057-016D(LI),35.47833333,-86.33805556
057-017D(LI),34.25361111,-85.32944444
057-019D(LI),34.25222222,-85.34611111
057-020D(MSWL),34.19471639,-85.21479889
057-021D(C&D),34.18833333,-85.21972222
057-022D(LI),34.25,-85.35777778
058-004D(SL),34.20341556,-84.15002222
058-005D(L),34.1434325,-84.25443
058-006D(SL),34.32903083,-84.25726472
058-007D(L),34.13159111,-84.14015528
058-009D(SL),34.32903083,-84.25726472
058-010D(SL),34.32903083,-84.25726472
058-011P(RM),34.125,-84.23333333
058-012D(MSWL),34.32555556,-84.24083333
058-013D(C&D),34.27416667,-84.04916667
059-006D(SL),34.41546,-83.11426417
059-008D(SL),34.34210167,-83.22820778
059-009D(SL),34.41546,-83.11426417
059-010P(RM),34.34194444,-83.22861111
059-012D(C&D),34.36258889,-83.35020556
060-007D(SL),33.96755889,-84.36967972
060-009D(LI),33.79222222,-84.39916667
060-010D(SL),33.81753833,-84.46588444
060-011D(SL),33.66630361,-84.56198222
060-026D(SL),33.79232278,-84.46252556
060-029D(L),33.68157639,-84.37184222
060-036D(LI),33.67,-84.43972222
060-046D(SL),33.73172583,-84.52105472
060-048D(SL),33.69872528,-84.33991417
060-051D(SL),33.78500556,-84.48766444
060-054D(L),34.01369444,-84.26355417
060-057D(L),33.72039,-84.35912806
060-059D(L),34.14102778,-84.27430556
060-062D(SL),33.74570694,-84.44075444
060-064D(SL),33.66938889,-84.56577778
060-066P(RM),33.825,-84.46611111
060-072D(L),34.11436972,-84.38154611
060-075D(L),33.54458917,-84.61216139
060-076P(INC),33.825,-84.46611111
060-082P(DW),32.51638889,-84.53888889
060-083D(SL),33.81769056,-84.46585722
060-084P(RM),33.59277778,-84.55
060-085P(RM),33.69666667,-84.375
060-086P(RM),33.76666667,-84.53333333
060-087D(L)(I),33.82527778,-84.4625
060-088D(C&D),33.54861111,-84.61472222
060-089D(C&D),33.54083333,-84.62805556
060-090P(MRF),33.61305556,-84.52611111
060-091P(MRF),33.71191111,-84.59795
060-092P(MRF),33.76055556,-84.54861111
060-093(P),33.74,-84.56
060-094P(MRF),33.60972222,-84.52666667
061-010D(SL),34.71415861,-84.49071222
062-002D(SL),33.21032472,-82.60817639
063-002D(LI),31.17222222,-81.51611111
063-005D(L),31.08396889,-81.41957694
063-015D(SL),31.25794972,-81.52775222
063-016D(L),31.16886333,-81.39880889
063-017D(L),31.20631472,-81.36821361
063-018D(L),31.18297139,-81.47558444
063-019D(L),31.28850194,-81.46650306
063-022D(L),31.21842444,-81.50778667
063-024D(L),31.25794972,-81.52775222
063-025D(L),31.19698194,-81.50314361
063-027P(MRF),31.18833333,-81.49805556
063-029D(LI),31.13361111,-81.48305556
064-010D(SL),34.52256444,-84.76643972
064-011D(SL),34.49244972,-84.98995
064-014D(L),34.49244972,-84.98995
064-015P(INC),34.43833333,-84.91444444
064-016D(SL),34.51055667,-84.76581111
065-002D(SL),30.88193639,-84.22876361
065-006P(INC),30.82555556,-84.17916667
066-007D(SL),33.61117056,-83.09670722
066-008D(SL),33.61117056,-83.09670722
067-008D(SL),34.12916667,-84.01333333
067-016D(SL),34.12943472,-84.03773139
067-019D(L),34.12666667,-84.00805556
067-021D(SL),33.92390333,-84.05155806
067-024D(SL),33.89722222,-84.18611111
067-025D(SL),33.93479361,-84.2388625
067-027D(SL),33.93479361,-84.2388625
067-030D(SL),34.12607944,-84.01611778
067-032D(SL),34.12138056,-84.03926389
067-037D(SL),33.92390333,-84.05155806
067-038P,34.62138889,-84.63361111
067-039P(MRF),33.91,-84.24694444
067-041P(MRF),33.9375,-84.24361111
068-016D(SL),34.52522417,-83.58973111
068-017D(SL),34.52522417,-83.58973111
068-020D(SL),34.55538111,-83.45889028
069-008D(SL),34.25790278,-83.77580028
069-014D(C&D),34.28227861,-83.80205722
069-015D(MSWL),34.24257417,-83.80076417
069-017D(C&D),34.26666667,-83.78333333
069-019P(CO),34.25416667,-83.77944444
070-002D(SL),33.29928194,-82.984825
071-004D(SL),33.70375889,-85.22537028
071-005D(SL),33.70375889,-85.22537028
071-006D(C&D),33.08275278,-85.22656944
072-003D(SL),32.86460389,-85.15673
072-009D(SL),32.74285917,-84.81124722
073-002D(SL),34.31401472,-82.93939806
073-005D(SL),34.31401472,-82.93939806
074-004D(SL),33.30638417,-85.17426278
074-005D(LI),33.39916667,-85.04638889
075-011D(SL),33.43083333,-84.16027778
075-015D(SL),33.43249417,-84.17044194
075-021D(SL),33.43249417,-84.17044194
075-024P(INC),33.42916667,-84.16388889
075-027D(C&D),33.43249417,-84.17044194
076-005D(SL),32.5259575,-83.61385278
076-009D(SL),32.44300167,-83.73380278
076-01D(LI),32.3975,-84.29666667
076-020D(SL),32.39956056,-83.55573
076-022D(L),32.41392333,-83.81254056
076-024D(C&D),32.39960278,-83.55592861
077-003D(SL),31.59581806,-83.14561917
077-004P(INC),31.595,-83.14666667
078-007D(L),34.21584944,-83.45407056
078-008P(RMI),34.05083333,-83.56805556
078-009D(SL),34.14097833,-83.55800028
079-003D(LI),30.33333333,-83.66666667
079-004D(SL),33.31567889,-83.72427861
079-005D(LI),33.28722222,-83.73388889
079-006D(LI),33.27388889,-83.70666667
079-007D(C&D),33.31361111,-83.72333333
080-005D(SL),31.86047972,-82.68708333
080-006D(L),31.86047972,-82.68708333
080-007D(C&D),31.85694444,-82.68166667
081-006D(SL),33.02817167,-82.40570111
081-007D(LI),33.31472222,-82.42305556
081-008D(L),32.85816167,-82.40868611
081-009D(SL),33.18912083,-82.39302944
081-010P(RM),33.08777778,-82.42805556
081-011D(MSWL),33.08861917,-82.42988528
082-002D(SL),32.81772,-81.99393722
082-003D(L),32.79888278,-81.953565
082-004D(SL),32.78856833,-81.91160389
082-005D(SL),32.78856833,-81.91160389
083-002D(SL),32.68231778,-82.7138675
083-004D(SL),32.68231778,-82.7138675
084-002D(SL),32.98589972,-83.53454889
084-006D(SL),32.98589972,-83.53454889
085-004D(SL),33.08608361,-84.20860444
085-005D(L),33.06497556,-84.13438056
085-006D(SL),33.06497556,-84.13438056
085-007D(MSWL),33.08597306,-84.20856278
085-008P(CO),33.08638889,-84.20138889
086-004D(SL),31.06698444,-83.07648944
087-007D(LI),32.49916667,-82.86055556
087-008D(SL),32.56237472,-82.991655
087-009D(SL),32.54220917,-82.88034861
087-014D(LI),32.505,-82.85361111
087-015D(MSWL),32.58805556,-83.05361111
087-015D(SL),32.58805556,-83.05361111
087-016D(LI),32.50526944,-82.8426
088-006D(SL),31.73329222,-84.12047306
089-003D(SL),31.84133667,-81.39816806
089-010D(SL),31.88720389,-81.64353417
089-011D(L),31.84861556,-81.6420225
089-013P(INC),31.84166667,-81.39583333
089-014P(INC),31.84027778,-81.64472222
089-016D(L),31.84133667,-81.39816806
089-017D(L),31.85083333,-81.64166667
089-018P(INC),31.84166667,-81.39583333
089-019P(INC),31.85083333,-81.64166667
089-020D(L),31.88720389,-81.64353417
089-021D(LI),31.73555556,-81.42777778
090-004D(SL),33.82249639,-82.46326528
092-001D(SL),30.85455306,-83.34403722
092-003D(SL),30.98105083,-83.38100278
092-011D(LI),30.8325,-83.24166667
092-014D(SL),30.82390528,-83.35985028
092-015D(SL),30.67240306,-83.31713528
092-016D(L)(I),30.69277778,-83.29805556
092-017P(INC),30.67555556,-83.32555556
092-019D(MSWL),30.81291194,-83.36030167
092-020P(INC),30.85527778,-83.34361111
092-021D(MSWL),30.67555556,-83.32555556
092-022D(MSWL),30.82286306,-83.35995722
092-023P,30.80361111,-83.28305556
093-003D(SL),34.52472528,-83.99924944
093-004D(SL),34.62807306,-84.10058028
093-005D(SL),34.62708083,-84.09682444
094-004D(LI),32.25277778,-84.05833333
094-005D(SL),32.36322139,-84.01438444
094-009D(MSWL),32.36297583,-84.01418222
095-006D(SL),34.09806667,-83.20297639
096-002D(SL),32.24969222,-84.45892306
097-007D(SL),33.44759111,-82.57502611
097-009D(L),33.40811889,-82.48022583
097-010D(L),33.45441389,-82.54079361
097-012D(SL),33.57626972,-82.61458306
098-003D(SL),31.51332167,-81.48258
098-004D(L),31.40859361,-81.43134222
098-005D(L),31.41666667,-81.275
098-006D(C&D),31.50875,-81.47444444
099-006D(SL),32.95049111,-84.67953111
099-011D(SL),32.95049111,-84.67953111
099-012P(COI),32.97027778,-84.67027778
099-014D(SL),32.95049111,-84.67953111
099-015D(SL),32.96593722,-84.78073167
099-017D(L)(I),32.90722222,-84.78
099-018D(L)(I),33.07916667,-84.72527778
099-018D(LI),33.07973611,-84.72454444
099-019D(MSWL),33.18074722,-84.83664444
100-004D(SL),31.19352111,-84.663305
100-005D(L),31.07822556,-84.9070875
100-006P(INC),31.09361111,-84.91111111
101-004D(SL),31.16879778,-84.16919889
101-005D(L),31.36951083,-84.1627325
102-002D(MSWL),33.01871389,-83.95619444
102-002D(SL),33.01849611,-83.95626583
102-004D(LI),33.06555556,-83.79611111
102-005D(SI),33.03888889,-83.82055556
102-007D(LI),33.07083333,-83.80333333
102-008D(SL),33.09571889,-83.91179778
102-009D(LI),33.077,-83.792
103-001D(SL),32.13210278,-82.56528667
104-006D(SL),33.63213861,-83.45310722
104-007D(SL),33.63213861,-83.45310722
104-008D(LI),33.61805556,-83.42444444
104-009D(IN),33.63083333,-83.45361111
105-004D(SL),34.7345075,-84.73722583
105-011D(SL),34.680585,-84.73071139
105-012D(L),34.680585,-84.73071139
105-014D(MSWL),34.68076056,-84.73062806
105-015P,34.62166667,-84.88416667
106-001D(SL),32.37889833,-84.95733722
106-004D(L),32.4678675,-84.87115417
106-011D(SL),32.49741722,-84.86572639
106-015P(INC),32.4875,-84.86944444
106-016D(MSWL),32.48655139,-84.85255944
107-010D(L),33.57431222,-83.88683111
107-011D(SL),33.50324861,-83.85102194
107-013D(SL),33.55161833,-83.89549361
107-013D(SL)(2),33.55158083,-83.89550806
107-015D(MSWL),33.54805556,-83.89166667
108-002D(SL),33.76455639,-83.40044972
108-007D(SL),33.76377944,-83.43591694
108-008P(INC),33.76138889,-83.43805556
109-002D(SL),33.88937389,-83.13413639
109-002D(SL)-(1),33.89029861,-83.1289175
109-003D(C&D),33.88937389,-83.13413639
110-005D(SL),34.01749806,-84.79878444
111-004D(SL),32.57106333,-83.75833389
112-005D(SL),34.54074917,-84.47529278
112-006D(SL),34.54074917,-84.47529278
112-007D(SL),34.54074917,-84.47529278
112-008D(C&D),34.55,-84.52083333
113-001D(SL),31.34935694,-82.21263167
113-005D(L),31.3012175,-82.26468194
114-007D(SL),33.11961278,-84.36487611
114-008P(COI),33.11055556,-84.26555556
114-009D(L),33.11961278,-84.36487611
115-005D(SL),34.00381778,-85.16268778
115-008D(SL),33.99525611,-85.16851167
116-002D(SL),32.29526167,-83.43275361
117-004D(SL),33.33276944,-83.42438111
117-007D(SL),33.33353583,-83.42034611
118-002D(SL),31.88214722,-85.08083167
118-003P(INC),31.88722222,-84.95972222
119-004D(LI),34.95166667,-83.375
119-005D(SL),34.82048611,-83.4192425
119-006D(C&D),34.81237139,-83.41542056
120-002D(SL),31.79606111,-84.75051333
121-010D(SL),33.41246917,-82.16647139
121-011D(SL),33.37348667,-82.04098194
121-012D(L),33.48932111,-81.99388194
121-014D(SL),33.37044167,-82.24288694
121-015D(SL),33.35257194,-82.14324556
121-016D(SL),33.35257194,-82.14324556
121-016D(SL)-(2B),33.35257194,-82.14324556
121-017D(LI),33.30944444,-81.93722222
121-018D(MSWL),32.35166667,-82.13222222
121-019P,33.3533,-84.9688
121-020P(AD),33.27333333,-81.95416667
122-016D(SL),33.73905333,-83.92722972
122-020P(MRF),33.62611111,-83.98861111
122-021P(AD),33.65555556,-83.98972222
123-002D(SL),32.24157389,-84.29076222
123-004D(SL),32.24978806,-84.22983694
123-005P(INC),32.24555556,-84.23083333
124-003D(SL),32.74974194,-81.67937444
124-004P(INC),32.76944444,-81.69805556
124-005D(MSWL),32.74974194,-81.67937444
124-006D(LI),32.60222222,-81.73583333
125-003D(SL),30.92911889,-84.88080889
126-001D(SL),33.25999444,-84.15671722
126-003D(SL),33.25393694,-84.36049611
126-009D(C&D),33.25393694,-84.36049611
126-010D(C&D),33.25,-84.36833333
127-003D(SL),34.54036528,-83.30918556
128-001D(SL),32.03765444,-84.77716139
129-007D(SL),32.07035333,-84.27783528
129-009D(LI),32.18555556,-84.08888889
129-010D(L),32.19185028,-84.15029806
129-011D(SL),32.07035333,-84.27783528
129-012P(INC),32.06666667,-84.275
129-014P(MRF),32.05555556,-84.20388889
130-005D(SL),32.70453944,-84.57044833
130-006D(SL),32.70858306,-84.56879583
131-001D(SL),33.57689417,-82.83164083
131-002D(SL),33.57689417,-82.83164083
131-003D(SL),33.57689417,-82.83164083
132-004D(L),32.18784389,-82.14541222
132-005D(SL),31.92945889,-81.90326889
132-006D(SL),31.951175,-82.14643111
133-002D(SL),32.56694083,-84.22524722
133-003D(SL),32.46226333,-84.37152583
134-002D(LI),31.91777778,-82.68722222
134-009D(SL),31.88992028,-82.90824889
134-012D(LI),31.92055556,-82.67861111
134-013P(RMI),31.92055556,-82.67861111
134-014D(LI),31.92055556,-82.67861111
134-015D(MSWL),31.8902,-82.90823806
135-005D(SL),31.74924972,-84.42121556
136-002D(SL),30.80591167,-83.91274722
136-012D(SL),30.80591167,-83.91274722
136-012D(SL)(3),30.80580222,-83.91265
136-014D(L),30.80591167,-83.91274722
136-015D(SL),30.80580222,-83.91265
136-017D(C&D),30.82138889,-83.91444444
136-018D(MSWL),30.8,-83.90833333
136-019D(LI),31.00083333,-84.07166667
137-007D(SL),31.35783556,-83.53723083
137-007D(SL)(3),31.35777278,-83.53698111
137-008D(L),31.4502375,-83.49839806
137-013P(INC),31.53333333,-83.35638889
137-014D(L),31.44185083,-83.50911306
138-001D(SL),32.14646694,-82.38856583
138-005D(SL),32.14646694,-82.38856583
138-006D(MSWL),32.14646694,-82.38856583
138-007D(C&D),32.14583333,-82.38472222
139-002D(SL),34.92814528,-83.74654056
141-005D(SL),33.00271556,-85.05259806
141-008D(SL),33.03366611,-84.90198667
141-009D(SL),33.18123222,-84.89817306
141-012D(SL),32.91912444,-85.10871222
141-013D(SL),33.04626194,-84.95322167
141-023D(SL),33.03366611,-84.90198667
142-001D(SL),31.73606639,-83.57522639
142-004D(SL),31.73606639,-83.57522639
142-005P(INC),31.74444444,-83.57416667
143-001D(LI),32.7025,-83.55805556
143-004D(LI),32.79833333,-83.47583333
143-005D(SL),32.7278475,-83.31491833
143-007D(LI),32.72083333,-83.39194444
143-008D(SL),32.770535,-83.4378725
143-009D(LI),32.79166667,-83.48333333
144-001D(SL),34.89343194,-83.95828972
145-005D(SL),32.86527833,-84.32688722
145-007D(L),32.96892944,-84.44543333
145-010D(SL),32.83526417,-84.31751806
146-003D(SL),34.83943111,-85.36346389
146-004D(SI),34.79944444,-85.31111111
146-011D(L),34.75953889,-85.37950056
146-011D(LI),34.84111111,-85.38055556
146-013D(L),34.66727278,-85.26768444
146-015D(MSWL),34.83943111,-85.36346389
147-010D(SL),33.83471694,-83.75737417
147-011D(LI),33.775,-83.70833333
147-012D(C&D),33.819546,-83.672677
147-013D(C&D),33.87722222,-83.60055556
147-014D(C&D),33.87694444,-83.60027778
148-003D(SL),31.27028111,-82.46846
148-006D(SL),31.19503583,-82.34736556
148-008D(SL),31.27274444,-82.44459444
148-009D(MSWL),31.27,-82.45
149-008D(SL),33.39890944,-82.67115167
149-009D(LI),33.40888889,-82.64638889
149-010D(LI),33.41388889,-82.64166667
150-006D(SL),32.93544806,-82.8728225
150-007D(LI),33.02583333,-82.88527778
150-008D(LI),32.97305556,-82.82833333
150-009D(LI),33.025,-82.88555556
150-009D(SL),32.93544806,-82.8728225
150-010D(MSWL),32.93544806,-82.8728225
150-012P(INC),32.93333333,-82.875
151-005D(SL),31.66453917,-81.91561611
151-006D(SI),31.64222222,-82.03166667
151-007D(L),31.77228028,-82.01529389
151-008D(L),31.57621611,-81.94876778
151-009D(L),31.54834222,-81.8010875
151-010D(L),31.47649528,-81.98330583
151-011D(L),31.54834222,-81.8010875
151-012D(LI),31.65138889,-81.82777778
151-013P(INC),31.66527778,-81.91527778
151-014D(SL),31.47084583,-81.94114528
151-015D(IN),31.66611111,-81.91194444
152-001D(SL),32.04317167,-84.54661556
152-004P(CO),32.02527778,-84.445
152-005P(CO),32.02527778,-84.445
152-006P(CO),32.02527778,-84.445
152-007P(CO),32.02527778,-84.445
153-005D(SL),32.28848583,-82.69524361
154-003D(SL),34.66840833,-83.77068722
155-010D(LI),34.63416667,-84.92583333
155-021D(SL),34.65164167,-84.95028389
155-027D(SL),34.65164167,-84.95028389
155-028P(IWT),34.73027778,-84.96083333
155-033D(SL),34.7514525,-85.04684472
155-034D(L),34.77559778,-84.93312778
155-037D(L),34.77559778,-84.93312778
155-043D(L),34.92537556,-84.91579389
155-044D(SL),34.65164167,-84.95028389
155-047D(SL),34.65164167,-84.95028389
155-048D(LI),34.64722222,-84.94444444
155-049P(RM),34.64583333,-84.95
156-001D(SL),31.93989028,-83.43143556
157-003D(SL),33.69637556,-82.73838333
157-004D(MSWL),33.69630083,-82.7383325
158-005D(LI),32.87166667,-83.22444444
158-007D(LI),32.84805556,-83.195
158-008D(LI),32.83805556,-83.19361111
158-009D(LI),32.87722222,-83.33527778
158-010D(SL),32.83569806,-83.26140972
158-012D(LI),32.73944444,-83.26583333
158-013D(LI),32.85972222,-83.21972222
158-014D(LI),32.87722222,-83.32888889
159-004D(SL),31.55320194,-83.79269778
APL 0071,33.95361111,-83.57361111
APL 0113,32.79361111,-83.64194444
APL 01301,31.226825,-81.81414722
APL 01701,34.50888889,-81.96861111
APL 0255,32.09638889,-81.24833333
APL 0257,32.02902222,-81.30633056
APL 0271,34.51908333,-85.43472222
APL 03103,33.60833333,-84.32222222
APL 0335,33.82388889,-84.47583333
APL 0336,34.04555556,-84.61
APL 0342,31.52138889,-82.90694444
APL 0371,31.09722222,-80.4275
APL 0451,32.18805556,-83.15944444
APL 0572,34.25,-85.35777778
APL 05801,34.45916667,-85.24944444
APL 06016,33.58,-84.53
apl 0697,34.27777778,-83.80277778
APL 0783,34.39944444,-84.00388889
APL 0810,33.08777778,-82.43444444
APL 0992,33.17861111,-84.84388889
APL 1052,34.66222222,-84.73833333
APL 1112,32.68972222,-83.75666667
APL 12101,32.35166667,-82.13222222
APL 1224,33.65953611,-83.98864167
APL 12601,33.25027778,-84.36
"APL 1301
APL 1301",32.57777778,-84.56
APL 1311,33.48861111,-82.8975
APL 1371,31.36111111,-83.53416667
apl 13801,32.14802222,-82.39220833
APL 1411,33.03416667,-84.9125
APL 1462,34.83479417,-85.36785306
APL 1501,33.07055556,-82.72638889
APL 1584,32.9989,-83.19
APL0314,33.64472222,-84.32277778
APL0601,34.25555556,-83.45277778
APL077,34.83943111,-85.36346389
APL-1212,33.355059,-82.133989
APL1388,32.13,-82.38
APL1511,31.2815,-81.5628
APL1578,33.18,-83.28
APLI 0171,33.10416667,-82.05
APLI 0253,32.17638889,-81.07638889
APLI 0256,32.08111111,-81.16861111
APLI 0351,31.1875,-83.74583333
APLI 0401,31.97,-83.74083333
APLI 0433,30.71333333,-84.49277778
APLI 0493,31.16777778,-85.09722222
APL-INERT-005,32.795,-83.60888889
APL-INERT-020,34.42,-84.32722222
APL-INERT-023,33.37172222,-82.15558056
APL-INERT-024,33.37541944,-82.24030278
APL-INERT-038,33.445,-84.305
APL-INERT-043,33.41381667,-82.21698056
APL-INERT-045,33.38361111,-81.995
APL-INERT-049,33.38302778,-81.9905
APL-INERT-050,30.88139,-84.58806
CCR  Crisp,32.94583333,-85.00305556
CON001,33.32888889,-81.95388889
MOD 0082,34.14583333,-84.75361111
