<DynamicFormValue>
    <ENVInterestOPBR>
        <dataField>
            <id>txtPermitNumber</id>
            <value />
            <tag>Permit Number</tag>
            <visible>true</visible>
            <history />
            <description>Permit Number:</description>
            <comment />
        </dataField>
        <dataField>
            <id>ddlEnvInterestStatus</id>
            <value />
            <tag>EI Status</tag>
            <visible>true</visible>
            <history />
            <description>EI Status:</description>
            <comment />
        </dataField>
        <dataField>
            <id>rdoOwnershipType</id>
            <value />
            <tag>Ownership Type</tag>
            <visible>true</visible>
            <history />
            <description>Ownership Type:</description>
            <comment />
        </dataField>
        <dataField>
            <id>chkRelatedEnvInterest</id>
            <value />
            <tag>Related Environmental Interests</tag>
            <visible>true</visible>
            <history />
            <description>Related Environmental Interests: </description>
            <comment />
        </dataField>
        <dataField>
            <id>ddlOtherPBRType</id>
            <value />
            <tag>Type of Other PBR Facility</tag>
            <visible>true</visible>
            <history />
            <description>Type of Other PBR Facility:</description>
            <comment />
        </dataField>
        <dataField>
            <id>txtOtherPBRType_Other</id>
            <value />
            <tag>Other Type of Other PBR Facility</tag>
            <visible>false</visible>
            <history />
            <description>Other: </description>
            <comment />
        </dataField>
        <dataField>
            <id>txtComment</id>
            <value />
            <tag>General Comments</tag>
            <visible>true</visible>
            <history />
            <description>General Comments:</description>
            <comment />
        </dataField>
        <dataField>
            <id>txtFacilityStartDate</id>
            <value />
            <tag>Facility Start Date</tag>
            <visible>true</visible>
            <history />
            <description>Facility Start Date:</description>
            <comment />
        </dataField>
        <dataField>
            <id>txtPBRApprovalDate</id>
            <value />
            <tag>PBR Approval Date</tag>
            <visible>true</visible>
            <history />
            <description>PBR Approval Date:</description>
            <comment />
        </dataField>
        <dataField>
            <id>txtAcceptingWasteCeasedDate</id>
            <value />
            <tag>Date Ceased Accepting Waste</tag>
            <visible>true</visible>
            <history />
            <description>Date Ceased Accepting Waste:</description>
            <comment />
        </dataField>
        <dataField>
            <id>txtClosureAcknowledgedDate</id>
            <value />
            <tag>Closure Acknowledged Date</tag>
            <visible>true</visible>
            <history />
            <description>Closure Acknowledged Date:</description>
            <comment />
        </dataField>
        <dataField>
            <id>txtTotalAcreage</id>
            <value />
            <tag>Total Acreage (acres)</tag>
            <visible>true</visible>
            <history />
            <description>Total Acreage (acres): </description>
            <comment />
        </dataField>
        <dataField>
            <id>txtWasteDescription</id>
            <value />
            <tag>Waste Description</tag>
            <visible>true</visible>
            <history />
            <description>Waste Description:</description>
            <comment />
        </dataField>
        <dataField>
            <id>rdoAcceptPublicWaste</id>
            <value />
            <tag>Accept Public Waste?</tag>
            <visible>true</visible>
            <history />
            <description>Accept Public Waste?</description>
            <comment />
        </dataField>
        <dataField>
            <id>txtAddress1</id>
            <value />
            <tag>Mailing Address 1</tag>
            <visible>true</visible>
            <history />
            <description>Address 1:</description>
            <comment />
        </dataField>
        <dataField>
            <id>txtAddress2</id>
            <value />
            <tag>Mailing Address 2</tag>
            <visible>true</visible>
            <history />
            <description />
            <comment />
        </dataField>
        <dataField>
            <id>txtCity</id>
            <value />
            <tag>City</tag>
            <visible>true</visible>
            <history />
            <description>City:</description>
            <comment />
        </dataField>
        <dataField>
            <id>txtCounty</id>
            <value />
            <tag>County</tag>
            <visible>true</visible>
            <history />
            <description>County:</description>
            <comment />
        </dataField>
        <dataField>
            <id>ddlState</id>
            <value />
            <tag>State</tag>
            <visible>true</visible>
            <history />
            <description>State:</description>
            <comment />
        </dataField>
        <dataField>
            <id>txtZipCode</id>
            <value />
            <tag>Zip Code</tag>
            <visible>true</visible>
            <history />
            <description>Zip Code:</description>
            <comment />
        </dataField>
        <dataField>
            <id>txtLatitudeSiteLocation</id>
            <value />
            <tag>Latitude</tag>
            <visible>true</visible>
            <history />
            <description>Latitude:</description>
            <comment />
        </dataField>
        <dataField>
            <id>txtLongitudeSiteLocation</id>
            <value />
            <tag>Longitude</tag>
            <visible>true</visible>
            <history />
            <description>Longitude:</description>
            <comment />
        </dataField>
        <dataField>
            <id>ucMapcontrol</id>
            <value />
            <tag />
            <visible>true</visible>
            <history />
            <description />
            <comment />
        </dataField>
    </ENVInterestOPBR>
</DynamicFormValue>
