<DynamicFormValue>
    <ENVInterestOPD>
        <dataField>
            <id>txtPermitNumber</id>
            <value>22</value>
            <tag>Permit Number</tag>
            <visible>true</visible>
            <history />
            <description>Permit Number:</description>
            <comment />
        </dataField>
        <dataField>
            <id>ddlEnvInterestStatus</id>
            <value>Construction</value>
            <tag>EI Status</tag>
            <visible>true</visible>
            <history />
            <description>EI Status:</description>
            <comment />
        </dataField>
        <dataField>
            <id>ddlOperationType</id>
            <value>AnaerobicDigester</value>
            <tag>Operation Type</tag>
            <visible>true</visible>
            <history />
            <description>Operation Type:</description>
            <comment />
        </dataField>
        <dataField>
            <id>rdoOwnershipType</id>
            <value>Private Commercial</value>
            <tag>Ownership Type</tag>
            <visible>true</visible>
            <history />
            <description>Ownership Type:</description>
            <comment />
        </dataField>
        <dataField>
            <id>txtComment</id>
            <value>s</value>
            <tag>General Comments</tag>
            <visible>true</visible>
            <history />
            <description>General Comments:</description>
            <comment />
        </dataField>
        <dataField>
            <id>rdoGWInstalled</id>
            <value>Y</value>
            <tag>GW Monitoring System Installed</tag>
            <visible>true</visible>
            <history />
            <description>GW Monitoring System Installed:</description>
            <comment />
        </dataField>
        <dataField>
            <id>rdoMethaneInstalled</id>
            <value>Y</value>
            <tag>Methane Monitoring System Installed</tag>
            <visible>true</visible>
            <history />
            <description>Methane Monitoring System Installed:</description>
            <comment />
        </dataField>
        <dataField>
            <id>rdoUnderDrainInstalled</id>
            <value>Y</value>
            <tag>Under Drain System Installed</tag>
            <visible>true</visible>
            <history />
            <description>Under Drain System Installed:</description>
            <comment />
        </dataField>
        <dataField>
            <id>rdoLFGasInstalled</id>
            <value>Y</value>
            <tag>LF Gas Collection Installed</tag>
            <visible>true</visible>
            <history />
            <description>LF Gas Collection Installed:</description>
            <comment />
        </dataField>
        <dataField>
            <id>rdoWasteEnergyOnsite</id>
            <value>Y</value>
            <tag>Waste to Energy Onsite?</tag>
            <visible>true</visible>
            <history />
            <description>Waste to Energy Onsite?</description>
            <comment />
        </dataField>
        <dataField>
            <id>txtEnergyProduced</id>
            <value>1</value>
            <tag>Energy Produced (MWH)</tag>
            <visible>true</visible>
            <history />
            <description>Energy Produced (MWH): </description>
            <comment />
        </dataField>
        <dataField>
            <id>chkRelatedEnvInterest</id>
            <value>BIO,COL</value>
            <tag>Related Environmental Interests</tag>
            <visible>true</visible>
            <history />
            <description>Related Environmental Interests: </description>
            <comment />
        </dataField>
        <dataField>
            <id>txtPermitIssueDate</id>
            <value>11/26/2018</value>
            <tag>Permit Issued Date</tag>
            <visible>true</visible>
            <history />
            <description>Permit Issued Date:</description>
            <comment />
        </dataField>
        <dataField>
            <id>txtReceiveWasteApprovedDate</id>
            <value>11/27/2018</value>
            <tag>Date Approved to Receive Waste</tag>
            <visible>true</visible>
            <history />
            <description>Date Approved to Receive Waste:</description>
            <comment />
        </dataField>
        <dataField>
            <id>txtPermitReviewDueDate</id>
            <value>11/02/2018</value>
            <tag>Current Permit Review Due Date</tag>
            <visible>true</visible>
            <history />
            <description>Current Permit Review Due Date:</description>
            <comment />
        </dataField>
        <dataField>
            <id>txtAcceptingWasteCeasedDate</id>
            <value>11/02/2018</value>
            <tag>Date Ceased Accepting Waste</tag>
            <visible>true</visible>
            <history />
            <description>Date Ceased Accepting Waste:</description>
            <comment />
        </dataField>
        <dataField>
            <id>txtClosurePermitIssuedDate</id>
            <value>11/05/2018</value>
            <tag>Closure Permit Issued Date</tag>
            <visible>true</visible>
            <history />
            <description>Closure Permit Issued Date:</description>
            <comment />
        </dataField>
        <dataField>
            <id>txtPostClosureCarePeriod</id>
            <value>1</value>
            <tag>Post Closure Care Period</tag>
            <visible>true</visible>
            <history />
            <description>Post Closure Care Period: </description>
            <comment />
        </dataField>
        <dataField>
            <id>txtPostClosureReleaseDate</id>
            <value>11/11/2018</value>
            <tag>Post Closure Care Release Date</tag>
            <visible>true</visible>
            <history />
            <description>Post Closure Care Release Date:</description>
            <comment />
        </dataField>
        <dataField>
            <id>txtPermittedCapacity</id>
            <value>1</value>
            <tag>Permitted Capacity (CY)</tag>
            <visible>true</visible>
            <history />
            <description>Permitted Capacity (CY): </description>
            <comment />
        </dataField>
        <dataField>
            <id>txtRemainingCapacity</id>
            <value>1</value>
            <tag>Remaining Capacity (CY)</tag>
            <visible>true</visible>
            <history />
            <description>Permitted Capacity (CY): </description>
            <comment />
        </dataField>
        <dataField>
            <id>txtTotalAcreage</id>
            <value>1</value>
            <tag>Total Acreage (acres)</tag>
            <visible>true</visible>
            <history />
            <description>Total Acreage (acres): </description>
            <comment />
        </dataField>
        <dataField>
            <id>txtConstructedDisposalFootprint</id>
            <value>1</value>
            <tag>Constructed Disposal Footprint (acres)</tag>
            <visible>true</visible>
            <history />
            <description>Constructed Disposal Footprint (acres): </description>
            <comment />
        </dataField>
        <dataField>
            <id>txtWasteDescription</id>
            <value>c</value>
            <tag>Waste Description</tag>
            <visible>true</visible>
            <history />
            <description>Waste Description:</description>
            <comment />
        </dataField>
        <dataField>
            <id>rdoAcceptPublicWaste</id>
            <value>Y</value>
            <tag>Accept Public Waste?</tag>
            <visible>true</visible>
            <history />
            <description>Accept Public Waste?</description>
            <comment />
        </dataField>
        <dataField>
            <id>rdoAcceptCCR</id>
            <value>Y</value>
            <tag>Accept CCR?</tag>
            <visible>true</visible>
            <history />
            <description>Accept CCR?</description>
            <comment />
        </dataField>
        <dataField>
            <id>rdoAcceptAsbestos</id>
            <value>Y</value>
            <tag>Accept Asbestos?</tag>
            <visible>true</visible>
            <history />
            <description>Accept Asbestos?</description>
            <comment />
        </dataField>
        <dataField>
            <id>txtConstructionDetails</id>
            <value>w</value>
            <tag>Construction Details</tag>
            <visible>true</visible>
            <history />
            <description>Details:</description>
            <comment />
        </dataField>
        <dataField>
            <id>txtAddress1</id>
            <value>s</value>
            <tag>Mailing Address 1</tag>
            <visible>true</visible>
            <history />
            <description>Address 1:</description>
            <comment />
        </dataField>
        <dataField>
            <id>txtAddress2</id>
            <value>s</value>
            <tag>Mailing Address 2</tag>
            <visible>true</visible>
            <history />
            <description />
            <comment />
        </dataField>
        <dataField>
            <id>txtCity</id>
            <value>s</value>
            <tag>City</tag>
            <visible>true</visible>
            <history />
            <description>City:</description>
            <comment />
        </dataField>
        <dataField>
            <id>txtCounty</id>
            <value>s</value>
            <tag>County</tag>
            <visible>true</visible>
            <history />
            <description>County:</description>
            <comment />
        </dataField>
        <dataField>
            <id>ddlState</id>
            <value>MS</value>
            <tag>State</tag>
            <visible>true</visible>
            <history />
            <description>State:</description>
            <comment />
        </dataField>
        <dataField>
            <id>txtZipCode</id>
            <value>30341</value>
            <tag>Zip Code</tag>
            <visible>true</visible>
            <history />
            <description>Zip Code:</description>
            <comment />
        </dataField>
        <dataField>
            <id>txtLatitudeSiteLocation</id>
            <value>31.1234</value>
            <tag>Latitude</tag>
            <visible>true</visible>
            <history />
            <description>Latitude:</description>
            <comment />
        </dataField>
        <dataField>
            <id>txtLongitudeSiteLocation</id>
            <value>-81.1234</value>
            <tag>Longitude</tag>
            <visible>true</visible>
            <history />
            <description>Longitude:</description>
            <comment />
        </dataField>
        <dataField>
            <id>ucMapcontrol</id>
            <value />
            <tag />
            <visible>true</visible>
            <history />
            <description />
            <comment />
        </dataField>
        <grdMajorModification>
            <txtMajorModificationIssuedDate>11/26/2018</txtMajorModificationIssuedDate>
            <txtMajorModificationPurpose>purpose</txtMajorModificationPurpose>
        </grdMajorModification>
    </ENVInterestOPD>
</DynamicFormValue>